item_id,family_id,grade,display_name,short_effect,param_key,param_value,duration_ms,range_px,ordinary_uses,weight,icon_brief,design_role
amber_beetle,solidify,1,琥珀甲虫,停住一敌2.5秒；受伤解除,freeze_duration_ms,2500,2500,128,5,2,偏扁五角琥珀包住一只内收足的甲虫；半透明树脂断面与深色虫身分成两团；一条裂缝停在虫壳前,提案待审；标本盒中的树脂包埋物；提供短时单敌绕行或搜取窗口
stopped_pocket_watch,solidify,2,停摆怀表,停住一敌4秒；受伤解除,freeze_duration_ms,4000,4000,128,5,2,圆铜壳带大提环与侧翻表盖；表针被一颗砂粒抵住；铜壳暗面和褪白表盘分开成面,提案待审；衣袋中遗留的旧计时物；扩大同一次停驻的行动窗口
sealed_hourglass,solidify,3,封底沙漏,停住一敌5.5秒；受伤解除,freeze_duration_ms,5500,5500,128,5,2,窄腰双瓶嵌在两根短立柱间；底瓶被厚蜡封住；砂束悬在腰口但不做全身发光,提案待审；旧计时器被外来物封住出口；支持更从容的单敌脱离而不扩大控制对象
brass_monocle,sight,1,铜框单镜,本趟视距增加10%,vision_radius_multiplier,1.10,0,0,2,2,单圆镜片连一根偏弯短柄；铜框缺一小段；镜内高光在缺口两侧错开且不做光圈,提案待审；脱落的单眼镜具；被动换取小幅观察距离而不增加亮度
milky_fish_eye,sight,2,白膜鱼眼,本趟视距增加20%,vision_radius_multiplier,1.20,0,0,2,2,椭圆眼体包着层叠白膜；深色瞳孔偏离眼体中心；保留湿润窄亮面并避开球形宝石读法,提案待审；被保存下来的异界感官组织；扩大观察半径并保留混乱缩距
doorless_lantern,sight,3,缺门提灯,本趟视距增加30%,vision_radius_multiplier,1.30,0,0,2,2,竖高折角灯壳带弧形提把；正面门片缺失而灯芯仍在暗处；侧面裂开窄缝不新增暖色灯焰,提案待审；无人携带的旧照明器；高幅扩视距仍受真实遮挡与空洞限制
salted_vial,resistance,1,盐封药瓶,30秒内抗污增加20,contamination_resistance_points,20,30000,0,3,2,矮肩玻璃瓶配宽软木塞；盐壳只结在瓶颈一侧；瓶内沉淀斜面与瓶外竖直边不一致,提案待审；药柜遗留的封存瓶；主动减缓下一段正向混乱积累而不清旧值
bone_clasp_mask,resistance,2,骨扣面罩,30秒内抗污增加30,contamination_resistance_points,30,30000,0,3,2,横宽软面罩由左右两枚骨扣撑开；鼻部三道折线向内折合；一边系带收进面罩阴影,提案待审；换过扣件的防护面罩；在继续深入前开启一段抗污窗口
lead_fastened_breastplate,resistance,3,铅扣护胸,30秒内抗污增加40,contamination_resistance_points,40,30000,0,3,2,上宽下窄的双层护胸配偏心铅扣；衬层沿破口反向卷入；大块金属面与粗布背衬分明,提案待审；被异源覆盖的旧护具；强化抗污窗口但不减生命伤害且沿总抗性上限
split_heel_boot,dash,1,断跟短靴,沿可走地面短冲48像素,dash_distance_px,48,200,48,3,2,侧向短靴有断开的低鞋跟；鞋头宽而鞋筒收窄；断跟两截保留向内对应的磨损面,提案待审；失去半截后跟的旧鞋；短距离离开贴身威胁而不穿障碍
coiled_tape_measure,dash,2,回卷尺,沿可走地面短冲72像素,dash_distance_px,72,200,72,3,2,扁圆量尺壳露出一截弯折尺带；尺带从壳口折回自身背面；刻度用少量断续亮点不写小字,提案待审；工位上自卷的量尺；扩大同一按键的地面短冲距离
hollow_loom_shuttle,dash,3,空心梭,沿可走地面短冲96像素,dash_distance_px,96,200,96,3,2,细长双尖木梭包着纵向空腔；一端铜护角被挤进另一端的轮廓；中孔作为主要负形,提案待审；脱离织机的空梭；较长短冲仍须连续可见地面且途中危害照常
gray_felt_glove,silence,1,灰毡手套,5秒内自身行动消声,silence_duration_ms,5000,5000,0,5,2,侧折的连指厚手套显出短拇指；毡毛只在袖口成簇；掌心折缝吞没内侧纹理,提案待审；铺毡作业留下的手套；主动覆盖一次短穿行或翻找的听觉暴露
scorched_scarf,silence,2,焦边围巾,8秒内自身行动消声,silence_duration_ms,8000,8000,0,5,2,长围巾折成不对称环并垂下一长一短尾；焦边沿褶皱中断；纤维团沿单一织向而非散点噪声,提案待审；焦过边却未烧断的围巾；延长一次安静穿行而不掩盖视觉
unlined_coat,silence,3,脱衬风衣,11秒内自身行动消声,silence_duration_ms,11000,11000,0,5,2,风衣折起后仍保留宽翻领和一截袖管；里衬从下摆翻出形成深浅两层；衣袋口与褶皱相互错位,提案待审；里衬脱落的旧外衣；覆盖较长搜取窗口但不解除已确认追逐
split_tongue_bell,sound_lure,1,裂舌铜铃,抛出声诱饵持续4秒,lure_duration_ms,4000,4000,96,5,2,小铜铃呈敞口梯形配短柄；断成两截的铃舌互相错开；铜口厚薄不匀而不添声波符号,提案待审；曾悬在门口的破铃；用短声源引开尚未锁定玩家的听觉目标
crooked_clay_whistle,sound_lure,2,弯颈陶哨,抛出声诱饵持续6秒,lure_duration_ms,6000,6000,96,5,2,梨形陶腔接弯折细吹嘴；侧孔斜向下而吹嘴向上；釉面大片缺失露出粗陶底,提案待审；失去吹奏者的陶制口哨；延长同一落点的调查声源
missing_tooth_music_box,sound_lure,3,缺齿八音盒,抛出声诱饵持续8秒,lure_duration_ms,8000,8000,96,5,2,方匣掀开一块窄盖露出横向齿梳；齿梳留有明显缺齿；摇柄偏在一角并与匣体保持完整连接,提案待审；机芯缺齿的旧音乐匣；保留较久声源但不扩大听域或洗掉追逐
crooked_hook_needle,tripwire,1,弯头钩针,铺线绊停跨线敌人1秒,crossing_stop_ms,1000,10000,32,4,2,长针在一端弯成开口钩并穿过一圈线结；针身只作两段硬亮面；线尾贴回针旁不散成孤点,提案待审；被线结缠住的钩针；固定短线为退路提供一次短停步
wooden_thread_spool,tripwire,2,木芯线轴,铺线绊停跨线敌人1.5秒,crossing_stop_ms,1500,10000,32,4,2,双挡片夹紧粗线团形成横卧短轴；一端挡片破缺；线股从缺口折返穿入线团中央,提案待审；缝补箱中的木芯线轴；同样长度的绊线争取更长回身时间
double_clasp_strap,tripwire,3,双扣束带,铺线绊停跨线敌人2秒,crossing_stop_ms,2000,10000,32,4,2,扁宽束带折成浅U形且两端各有一枚不同形状的扣件；一侧扣舌反向咬住内层；带面磨损沿受力方向,提案待审；搬运器具上卸下的束带；强化跨线停步但不禁攻也不延长线宽
lead_type_stamp,slow_zone,1,铅字印章,脚下重区使敌移速减30%,enemy_movement_multiplier,0.70,6000,64,4,2,短方印座承着小拱形柄；底部铅字面厚重并错开一角；只表现大片压痕不描可读文字,提案待审；排字台遗留的铅印；脚下生成重区帮助临场拉开距离
broken_eye_scale_weight,slow_zone,2,断耳秤砣,脚下重区使敌移速减45%,enemy_movement_multiplier,0.55,6000,64,4,2,梨形铁砣顶部提耳断去一侧；厚重下腹压成斜底；两条磨亮受力面围住粗暗铁皮,提案待审；断开提耳的称量砣；同一区域提供更显著移动减速
waterlogged_spine,slow_zone,3,沉水脊骨,脚下重区使敌移速减60%,enemy_movement_multiplier,0.40,6000,64,4,2,三节宽脊骨错层连成短弧；骨孔向下塌缩而表面附有细薄沉积；保持骨质实体轮廓不画内脏,提案待审；从沉积中取出的异界骨节；强化重区脱身能力而不附送禁攻或感知压制
silver_back_hand_mirror,image_lure,1,银背袖镜,原地留下假身5秒,lure_duration_ms,5000,5000,0,4,2,小卵圆镜面接短柄；银背翻起一条窄边；镜面反光只占偏侧一块不绘人脸图案,提案待审；随身携带的旧小镜；留下短时视觉替身来误导可见目标
empty_photo_frame,image_lure,2,空白相框,原地留下假身8秒,lure_duration_ms,8000,8000,0,4,2,斜置长方相框缺掉一角；框内纸面空白而背撑露出；框内投影与外框倾斜方向不一致,提案待审；照片褪尽的台式相框；延长视觉假身而不增加声音或伤害
inverted_face_mask,image_lure,3,倒脸面具,原地留下假身11秒,lure_duration_ms,11000,11000,0,4,2,瘦长面具的额部宽而下颌窄；五官压痕上下倒置但不画夸张表情；边缘一截绑带连在破孔上,提案待审；失去正确朝向的表演面具；保留较久替身但不强行覆盖已确认目标
blind_needle_compass,survey,1,盲针罗盘,探查4格内目标位置,snapshot_path_range_px,128,6000,128,3,2,圆形罗盘藏在半开八角盒中；宽针指向盒盖的内侧；浅刻度与缺一角的金属护边分开,提案待审；指针失去方位的携行罗盘；沿可通行空间记录一次近处位置快照
creased_negative,survey,2,折角底片,探查5格内目标位置,snapshot_path_range_px,160,6000,160,3,2,宽窄不等的两帧底片相连并折起一角；两侧齿孔形成断续负形；片中只保留模糊地面轮廓,提案待审；散落在暗袋中的旧底片；增加位置快照范围而不实时追踪
one_eyed_puppet_head,survey,3,独目偶首,探查6格内目标位置,snapshot_path_range_px,192,6000,192,3,2,偏方木偶头下方留有颈部插孔；单只偏大嵌眼不居中；另一侧是平整木面而非伤口,提案待审；拆离身体的木偶头；扩大有界探查但不揭内容物或照亮空洞
cold_ash_pipe,suppress,1,冷灰烟斗,压住一处污染源3秒,suppression_duration_ms,3000,3000,128,3,2,细弯斗柄连着厚壁小斗碗；碗内灰面朝外倾斜却不掉落；暗木与冷灰分别成面且没有火点,提案待审；未倒尽灰的旧烟斗；短时压住眼前污染源来打开穿越窗口
ceramic_charcoal_box,suppress,2,陶壁炭盒,压住一处污染源5秒,suppression_duration_ms,5000,5000,128,3,2,带窄提耳的矮陶盒半开一片厚盖；盒内炭块被陶壁挤成一整面；釉裂只沿一侧接缝生长,提案待审；包着余炭的厚壁容器；延长污染压制以支持一次搜取
frosted_furnace_core,suppress,3,结霜炉芯,压住一处污染源7秒,suppression_duration_ms,7000,7000,128,3,2,短粗炉芯保留三道竖直肋和底部安装脚；冷凝白壳只贴在向内的肋面；中心裂隙不画燃烧焰,提案待审；已经拆出的异温炉内件；较长压制仍不冻结实体攻击且到时恢复
brass_back_buckle,capacity,1,黄铜背扣,本趟负重上限增加4,carry_capacity_bonus,4,0,0,2,2,双孔黄铜扣连接一小截厚背带；扣舌错过原孔咬进孔间空处；轮廓以双内孔辨认,提案待审；负具上卸下的承重扣；占被动槽换一趟额外携带空间
wrinkled_bottom_satchel,capacity,2,皱底挎包,本趟负重上限增加6,carry_capacity_bonus,6,0,0,2,2,横宽软包有短侧带与压扁翻盖；底部连褶明显多于上口；口沿和包底分别形成清楚的体量层,提案待审；底层反复折皱的旧挎包；同等自身重量下多容纳几件战利品
reverse_woven_basket,capacity,3,反编藤篮,本趟负重上限增加8,carry_capacity_bonus,8,0,0,2,2,椭圆提篮带一根偏心拱把；篮壁上下编向相反并在中腰交接；深浅藤条成束而不铺单像素棋盘,提案待审；编织次序异常的携物篮；强化单趟容量而不使薪柴计重或改变常态速度
