item_id,item_class,family_id,grade,display_name,short_effect,param_key,param_value,duration_ms,range_px,ordinary_uses,weight,icon_brief,design_role
wax_sealed_button,weak,solidify,0,蜡封纽扣,停住一敌1秒；受伤解除,freeze_duration_ms,1000,1000,128,5,2,厚蜡偏包一枚四孔纽扣；至少留两个可辨孔位,提案；短窗口可打断准备但难完成搜取
clouded_lens,weak,sight,0,雾斑镜片,本趟视距增加5%,vision_radius_multiplier,1.05,0,0,2,2,半月缺口镜片带一片凝斑；边缘窄亮面,提案；微幅视距收益仍占被动槽
ceramic_capsule,weak,resistance,0,陶衣药丸,30秒内抗污增加10,contamination_resistance_points,10,30000,0,3,2,两瓣陶衣包成横向短胶囊；一侧釉色成整面,提案；基准少增1.5混乱；须在接触污染场景验证最低可感收益
hollow_reed_joint,weak,sound_lure,0,空节苇管,抛出声诱饵持续2秒,lure_duration_ms,2000,2000,96,5,2,斜切短苇管保留一处节疤与敞口负形,提案；仅提供很短调查声源
sunken_inkstone,weak,slow_zone,0,凹心砚台,脚下重区使敌移速减10%,enemy_movement_multiplier,0.9,6000,64,4,2,浅方砚带偏心凹面；残墨只聚一角不铺噪点,提案；低幅移动减速可用但替代性强
hollow_eyelet,weak,survey,0,空眼铜环,探查2格内目标位置,snapshot_path_range_px,64,6000,64,3,2,开口不相接的短铜环；背侧留连接皮片,提案；近处快照在缩视或拐角仍有窄用途
ash_tooth,weak,suppress,0,灰釉齿,压住一处污染源1秒,suppression_duration_ms,1000,1000,128,3,2,短根尖齿包半侧灰釉；根部深孔与尖端区分,提案；极短穿过窗口不能承诺完整搜取
creased_ticket_wallet,weak,capacity,0,折页票夹,本趟负重上限增加2,carry_capacity_bonus,2,0,0,2,1,对折薄票夹撑开两层夹页；一角反卷,提案；揭晓去壳后重量1；净增容量1；未鉴定壳仍2重；轻装不额外触发减速
double_hole_token,inert,,0,双孔票牌,没有可用的裂隙能力,,0,0,0,0,2,狭长硬票牌有大小两个孔；两层边缘错开,提案；无Rift作用；保留收藏记录；不承诺未来隐藏用途
sealed_flower_calyx,inert,,0,封口花萼,没有可用的裂隙能力,,0,0,0,0,2,合拢五角花萼包住空腔；一瓣内翻露深色面,提案；无Rift作用；外形仍体现被改写的原生物
split_porcelain_spoon,inert,,0,分叉瓷匙,没有可用的裂隙能力,,0,0,0,0,2,短柄匙头分成不对称两瓣；瓷断面厚而硬,提案；无Rift作用；不因噪声身份降低美术完成度
paper_spiral,inert,,0,折纸螺,没有可用的裂隙能力,,0,0,0,0,2,宽纸带沿方折线卷成矮螺形；末端反折入内,提案；无Rift作用；不兑换新资源避免废品必刷
