source_tag,source_label,public_hint,family_id,relative_weight
unbiased,混杂,残留特征混杂,solidify,1
unbiased,混杂,残留特征混杂,sight,1
unbiased,混杂,残留特征混杂,resistance,1
unbiased,混杂,残留特征混杂,dash,1
unbiased,混杂,残留特征混杂,silence,1
unbiased,混杂,残留特征混杂,sound_lure,1
unbiased,混杂,残留特征混杂,tripwire,1
unbiased,混杂,残留特征混杂,slow_zone,1
unbiased,混杂,残留特征混杂,image_lure,1
unbiased,混杂,残留特征混杂,survey,1
unbiased,混杂,残留特征混杂,suppress,1
unbiased,混杂,残留特征混杂,capacity,1
optical,光学,多见与观察有关的残留,sight,1
optical,光学,多见与观察有关的残留,survey,1
acoustic,声学,多见会改变声音的残留,silence,1
acoustic,声学,多见会改变声音的残留,sound_lure,1
tension,张力,多见改变牵拉与位移的残留,dash,1
tension,张力,多见改变牵拉与位移的残留,tripwire,1
density,密度,多见改变重量的残留,slow_zone,1
density,密度,多见改变重量的残留,capacity,1
inhibition,抑制,多见压住侵蚀的残留,resistance,1
inhibition,抑制,多见压住侵蚀的残留,suppress,1
imprint,印痕,多见留住形迹的残留,solidify,1
imprint,印痕,多见留住形迹的残留,image_lure,1
