id,weapon_type,quality_id,variant_id,name,weight_tenths,resistance_points,visual_key,context_tags,summary
crowbar_plain,crowbar,ordinary,standard,普通撬棍,30,0,plain_iron,manual_prying|material_remnant,基础撬棍；无附加抗性
crowbar_good_standard,crowbar,good,standard,优良撬棍,30,2,good_standard,manual_prying|material_remnant,标准取向
crowbar_good_light,crowbar,good,light,优良轻型撬棍,27,0,good_light,manual_prying|light_remnant,略轻；无附加抗性
crowbar_good_resistant,crowbar,good,resistant,优良抗污撬棍,33,4,good_resistant,manual_prying|pollution_remnant,略重；抗性稍高
crowbar_fine_standard,crowbar,fine,standard,精良撬棍,30,2,fine_standard,manual_prying|material_remnant,标准取向
crowbar_fine_light,crowbar,fine,light,精良轻型撬棍,27,0,fine_light,manual_prying|light_remnant,略轻；无附加抗性
crowbar_fine_resistant,crowbar,fine,resistant,精良抗污撬棍,33,4,fine_resistant,manual_prying|pollution_remnant,略重；抗性稍高
crowbar_excellent_standard,crowbar,excellent,standard,卓越撬棍,30,2,excellent_standard,manual_prying|material_remnant,标准取向
crowbar_excellent_light,crowbar,excellent,light,卓越轻型撬棍,27,0,excellent_light,manual_prying|light_remnant,略轻；无附加抗性
crowbar_excellent_resistant,crowbar,excellent,resistant,卓越抗污撬棍,33,4,excellent_resistant,manual_prying|pollution_remnant,略重；抗性稍高
