id,pool,text
rest_01,haven.rest,隔着衣料，也能觉出石面的棱。
rest_02,haven.rest,坐下才知道，腿一直绷着。
rest_03,haven.rest,背包还压在肩上。先不摘了。
rest_04,haven.rest,火烤着膝盖，背上还是凉的。
rest_05,haven.rest,把脚收近一点。就这一小块地方暖。
rest_06,haven.rest,衣服干了，折过的地方硬着。
rest_07,haven.rest,坐着的时候，脚不用急着找下一块地。
rest_08,haven.rest,从这里看，炉子刚好挡住一小块黑。
rest_09,haven.rest,不用握东西，手指反而不知道往哪放。
rest_10,haven.rest,石头硌着腿。这点疼倒很清楚。
rest_11,haven.rest,让肩膀松下来。没有人催。
rest_12,haven.rest,鞋底那圈磨损，坐下才能看清。
rest_13,haven.rest,能坐的只有这一截。也够了。
rest_14,haven.rest,火光翻过鞋尖，到不了脚跟。
rest_15,haven.rest,再坐一会儿。灯还照着路。
rest_16,haven.rest,这块断石原来接着哪里，已经看不出了。
rest_17,haven.rest,膝盖上的褶子亮了又暗。先看着这个。
rest_18,haven.rest,手放在腿上，才发觉自己攥得很紧。
core_01,haven.core,里面的东西撑开一点，又被压了回去。
core_02,haven.core,隔着框架，那团光还有很深的一层。
core_03,haven.core,靠近了，衣服也染上它的颜色。
core_04,haven.core,看不出它会往哪边伸。好在框架还扣着。
core_05,haven.core,先看约束它的接缝。还合着。
core_06,haven.core,光从缝里出来，照亮了框架自己的裂口。
storage_01,haven.storage,柜子还能合拢。边角已经磕得认不出形了。
storage_02,haven.storage,带回来的东西，得有个放下的地方。
storage_03,haven.storage,柜脚陷在同一块旧痕里。
storage_04,haven.storage,先放稳，再把盖子压好。
purifier_01,haven.purifier,腔里那点绿贴着金属，往深处看就看不清了。
purifier_02,haven.purifier,口沿磨得发亮，里面却一直是暗的。
purifier_03,haven.purifier,站在开口这边，肩上的灯照不透内腔。
purifier_04,haven.purifier,这些旧铁皮，还在把里面和外面分开。
defense_01,haven.defense,光积在环底，没照满整个内圈。
defense_02,haven.defense,台阶磨掉了棱，环还立着。
defense_03,haven.defense,走近才看清，圆环并不完整。
defense_04,haven.defense,放上去的东西，回来时得再认一遍。
growth_01,haven.growth,隔着罐壁，看不清里面有多深。
growth_02,haven.growth,罐壁隔着，里面那点光却像贴在眼前。
growth_03,haven.growth,罐底比罐口厚得多。
growth_04,haven.growth,手还在外面，已经不太想靠近了。
haven_rift_01,haven.rift,这道口子没有门槛，却得抬脚才敢过去。
haven_rift_02,haven.rift,裂口很窄。里面没有近处。
haven_rift_03,haven.rift,站在这一边，先把背带勒紧。
haven_rift_04,haven.rift,肩灯照到了边，光没接到另一头。
arrival_01,haven.arrival,脚下这块地，暂时不用试探。
arrival_02,haven.arrival,炉口的亮贴着地，能一路看过去。
arrival_03,haven.arrival,先在光里站稳。
arrival_04,haven.arrival,这里的边缘看得清楚。
return_01,haven.return,回到炉边，才肯把肩膀放低。
return_02,haven.return,脚下又是这几道旧裂纹。
return_03,haven.return,走过这么多地方，能认出的还是这块地。
return_04,haven.return,肩灯照到炉光里，颜色暖了一点。
return_05,haven.return,先站住。后面的路留在后面。
return_06,haven.return,手还在摸背带。已经回来了。
return_lost_01,haven.return-lost,背上轻了。地上的裂纹还在原处。
return_lost_02,haven.return-lost,已经回来了。手还不肯松。
return_lost_03,haven.return-lost,又站在这里。一时想不起先做什么。
return_lost_04,haven.return-lost,少了的东西，暂时不数。
entry_generic_01,rift.entry.generic,先看脚下。灯能照到的就这么远。
entry_generic_02,rift.entry.generic,带过来的光，在这里显得很小。
entry_generic_03,rift.entry.generic,站稳以后，再认路。
entry_generic_04,rift.entry.generic,背带还在肩上。先确认这个。
entry_ash_01,rift.entry.ash-strata,断面一层压着一层。没有一层能接回去。
entry_ash_02,rift.entry.ash-strata,灰白的纹路延到灯外，颜色也在那里断了。
entry_ash_03,rift.entry.ash-strata,地面像被剥开过，露出的还是灰。
entry_ash_04,rift.entry.ash-strata,先找能落脚的整片，碎边不好认。
entry_crystal_01,rift.entry.crystal-fibre,那些细条全朝着一个方向，连断口也是。
entry_crystal_02,rift.entry.crystal-fibre,看着像纤维，反光却很硬。
entry_crystal_03,rift.entry.crystal-fibre,灯一扫过去，地上就多出许多尖端。
entry_crystal_04,rift.entry.crystal-fibre,一簇挨着一簇，没留出长歪的余地。
entry_ivory_01,rift.entry.ivory-basin,白的地方这么亮，深色结块却照不进去。
entry_ivory_02,rift.entry.ivory-basin,脚下有一层厚壳，裂口露着另一种颜色。
entry_ivory_03,rift.entry.ivory-basin,光在釉面上铺开，到了黑斑那里就少一块。
entry_ivory_04,rift.entry.ivory-basin,这层白盖住了什么，从上面看不出来。
entry_carmine_01,rift.entry.carmine-lacquer,红色结在表面，缺口底下却是冷的蓝。
entry_carmine_02,rift.entry.carmine-lacquer,釉层厚得能看见断边。
entry_carmine_03,rift.entry.carmine-lacquer,灯离开以后，眼前还留着那片红。
entry_carmine_04,rift.entry.carmine-lacquer,脚下两种颜色，像是各自长完才叠到一起。
entry_cobalt_01,rift.entry.cobalt-gold,蓝色的断层里夹着金线，明暗跟着角度变。
entry_cobalt_02,rift.entry.cobalt-gold,金色一直伸进晶层里。看不见尽头。
entry_cobalt_03,rift.entry.cobalt-gold,脚下的亮纹很多，不能拿它们当路。
entry_cobalt_04,rift.entry.cobalt-gold,金色夹在蓝里，只有边上露着亮。
quiet_generic_01,rift.quiet.generic,握柄上的压痕，正好落在指根。
quiet_generic_02,rift.quiet.generic,脚趾缩在鞋里，绷得有点酸。
quiet_generic_03,rift.quiet.generic,背带勒得有些麻。还不想松开。
quiet_generic_04,rift.quiet.generic,一直盯着远处，眼睛有点酸。
quiet_generic_05,rift.quiet.generic,手指换个地方握。掌心已经潮了。
quiet_ash_01,rift.quiet.ash-strata,每层断边都很薄，叠起来却比人还高。
quiet_ash_02,rift.quiet.ash-strata,灰色里也有深浅。得慢慢看才能分开。
quiet_ash_03,rift.quiet.ash-strata,纹路到了破口两边，对不上了。
quiet_ash_04,rift.quiet.ash-strata,肩上的暖光，是这里少有的另一种颜色。
quiet_crystal_01,rift.quiet.crystal-fibre,断掉的晶丝还夹在原来的走向里。
quiet_crystal_02,rift.quiet.crystal-fibre,低处那些细尖，灯转过去才看得见。
quiet_crystal_03,rift.quiet.crystal-fibre,细条之间都是暗的，灯也照不匀。
quiet_crystal_04,rift.quiet.crystal-fibre,这些东西长得太齐了。
quiet_ivory_01,rift.quiet.ivory-basin,釉层在边上卷起一块，底下仍是硬的。
quiet_ivory_02,rift.quiet.ivory-basin,暗斑的边很清楚，里面什么都分不出来。
quiet_ivory_03,rift.quiet.ivory-basin,亮面看久了，破口反而不好找。
quiet_ivory_04,rift.quiet.ivory-basin,一层盖一层。最底下的形状早埋住了。
quiet_carmine_01,rift.quiet.carmine-lacquer,厚的地方红得发暗，薄边才透出亮色。
quiet_carmine_02,rift.quiet.carmine-lacquer,那片蓝从剥落的釉底露出来，一点也没染红。
quiet_carmine_03,rift.quiet.carmine-lacquer,裂纹隔开了颜色，没隔开地面。
quiet_carmine_04,rift.quiet.carmine-lacquer,鞋尖挨着红釉，看久了像沾上了一层。
quiet_cobalt_01,rift.quiet.cobalt-gold,金线穿过断口，到另一面又露出来。
quiet_cobalt_02,rift.quiet.cobalt-gold,蓝的深处比表面暗得多。
quiet_cobalt_03,rift.quiet.cobalt-gold,换个角度，刚才亮着的地方全暗了。
quiet_cobalt_04,rift.quiet.cobalt-gold,金色夹在里面，没能把裂缝接住。
chaos_1_01,chaos.1,眼睛有点对不准边。
chaos_1_02,chaos.1,眨过眼，那道重影还在。
chaos_1_03,chaos.1,衣领忽然贴得太紧。
chaos_1_04,chaos.1,脚已经落下了，身子还想往前。
chaos_1_05,chaos.1,牙关是什么时候咬紧的。
chaos_1_06,chaos.1,手背有点陌生。握起来试试。
chaos_2_01,chaos.2,只看脚下。两边已经顾不上了。
chaos_2_02,chaos.2,眼角的东西总也看不正。
chaos_2_03,chaos.2,这口气得分两次喘。
chaos_2_04,chaos.2,攥紧手，才知道哪根是自己的指头。
chaos_2_05,chaos.2,认得这道光。顺着它看。
chaos_2_06,chaos.2,路还在，远近却分不清了。
chaos_3_01,chaos.3,先把脚从地上抬起来。
chaos_3_02,chaos.3,手。灯。还有回去的路。
chaos_3_03,chaos.3,炉子是什么颜色……
chaos_3_04,chaos.3,还没回去。不能在这里停。
chaos_3_05,chaos.3,动一下。再动一下。
chaos_3_06,chaos.3,别把这儿认成家。
result_return_01,result.return,背带勒出来的疼，可以带回去。
result_return_02,result.return,手里的东西，过了裂口再松开。
result_return_03,result.return,这回有东西能放进柜里。
result_return_04,result.return,出口到了。肩上的东西这才觉得沉。
result_return_05,result.return,肩上的重量还在。先喘口气。
result_return_06,result.return,带得走的，已经在这里了。
result_empty_01,result.empty,空着手，也走到了出口。
result_empty_02,result.empty,手指还保持着握紧的样子。
result_empty_03,result.empty,没有添上什么。先回去。
result_empty_04,result.empty,这一趟，到这里为止。
result_death_01,result.death,最后一段路，没能走完。
result_death_02,result.death,肩上的光照向了别处。
result_death_03,result.death,握住的东西，先松开了。
result_death_04,result.death,鞋尖停在最后一步。
result_death_05,result.death,地还在脚下，身子已经撑不住了。
result_death_06,result.death,剩下的路沉进了暗处。
result_abandon_01,result.abandon,这条路先到这里。
result_abandon_02,result.abandon,没带回去的，留在原处。
result_abandon_03,result.abandon,这趟的东西不再清点。
result_abandon_04,result.abandon,把这一页合上。
impact_held_01,impact.held,受力的地方还接得住。
impact_held_02,impact.held,几处接缝都撑过来了。
impact_held_03,impact.held,这一回，没添新的破口。
impact_damaged_01,impact.damaged,先找还能补上的地方。
impact_damaged_02,impact.damaged,有些东西又得修一遍。
impact_damaged_03,impact.damaged,还接着。只是接得更少了。
impact_broken_01,impact.broken,有一处得从头补了。
impact_broken_02,impact.broken,这一次，有东西没撑住。
impact_broken_03,impact.broken,先把断掉的那一处找出来。
