scene,id,kind,col,row,tier,substrate,coverage,motion,sense,rhythm,contact,facing,patrol,box
watched,safe,kindling,8,18,safe,,,,,,,,,
watched,prize,contaminant,29,12,contested,,,,,,,,,
watched,deep,kindling,30,6,deep,,,,,,,,,
watched,extra,contaminant,30,18,deep,,,,,,,,,
watched,watcher,enemy,23,12,,human_remnant,infiltrate,motion_patrol,sense_cone,rhythm_open,contact_melee_three,180,21:12|27:12,
watched,listener,enemy,28,19,,insect_remnant,infiltrate,motion_patrol,sense_hear,rhythm_open,contact_melee_three,270,28:19|32:19,
periodic,safe,kindling,9,12,safe,,,,,,,,,
periodic,prize,contaminant,29,12,contested,,,,,,,,,
periodic,deep,kindling,29,6,deep,,,,,,,,,
periodic,extra,contaminant,31,18,deep,,,,,,,,,
periodic,listener,enemy,30,20,,insect_remnant,infiltrate,motion_patrol,sense_hear,rhythm_open,contact_melee_three,180,28:20|32:20,
periodic,field,volume,18,12,,gas_mass,infiltrate,motion_anchor,sense_domain,rhythm_open,contact_volume_chaos,0,,16:10:21:15
contested,safe,kindling,10,18,safe,,,,,,,,,
contested,prize,contaminant,25,13,contested,,,,,,,,,
contested,deep,kindling,31,7,deep,,,,,,,,,
contested,extra,contaminant,31,18,deep,,,,,,,,,
contested,watcher,enemy,24,12,,human_remnant,infiltrate,motion_patrol,sense_cone,rhythm_open,contact_melee_three,180,21:10|25:10|25:15|21:15,
contested,listener,enemy,31,13,,insect_remnant,infiltrate,motion_patrol,sense_hear,rhythm_open,contact_melee_three,270,31:10|31:17,
