item_id,item_class,family_id,grade,display_name,short_effect,param_key,param_value,duration_ms,range_px,ordinary_uses,weight,icon_id,enabled,content_version,icon_brief,design_role
amber_beetle,core,solidify,1,琥珀甲虫,停住一敌2.5秒；受伤解除,freeze_duration_ms,2500,2500,128,5,2,amber_beetle,true,contaminant-v1,偏扁五角琥珀包住一只内收足的甲虫；半透明树脂断面与深色虫身分成两团；一条裂缝停在虫壳前,标本盒中的树脂包埋物；提供短时单敌绕行或搜取窗口
stopped_pocket_watch,core,solidify,2,停摆怀表,停住一敌4秒；受伤解除,freeze_duration_ms,4000,4000,128,5,2,stopped_pocket_watch,true,contaminant-v1,圆铜壳带大提环与侧翻表盖；表针被一颗砂粒抵住；铜壳暗面和褪白表盘分开成面,衣袋中遗留的旧计时物；扩大同一次停驻的行动窗口
sealed_hourglass,core,solidify,3,封底沙漏,停住一敌5.5秒；受伤解除,freeze_duration_ms,5500,5500,128,5,2,sealed_hourglass,true,contaminant-v1,窄腰双瓶嵌在两根短立柱间；底瓶被厚蜡封住；砂束悬在腰口但不做全身发光,旧计时器被外来物封住出口；支持更从容的单敌脱离而不扩大控制对象
brass_monocle,core,sight,1,铜框单镜,本趟视距增加10%,vision_radius_multiplier,1.10,0,0,2,2,brass_monocle,true,contaminant-v1,单圆镜片连一根偏弯短柄；铜框缺一小段；镜内高光在缺口两侧错开且不做光圈,脱落的单眼镜具；被动换取小幅观察距离而不增加亮度
milky_fish_eye,core,sight,2,白膜鱼眼,本趟视距增加20%,vision_radius_multiplier,1.20,0,0,2,2,milky_fish_eye,true,contaminant-v1,椭圆眼体包着层叠白膜；深色瞳孔偏离眼体中心；保留湿润窄亮面并避开球形宝石读法,被保存下来的异界感官组织；扩大观察半径并保留混乱缩距
doorless_lantern,core,sight,3,缺门提灯,本趟视距增加30%,vision_radius_multiplier,1.30,0,0,2,2,doorless_lantern,true,contaminant-v1,竖高折角灯壳带弧形提把；正面门片缺失而灯芯仍在暗处；侧面裂开窄缝不新增暖色灯焰,无人携带的旧照明器；高幅扩视距仍受真实遮挡与空洞限制
salted_vial,core,resistance,1,盐封药瓶,30秒内抗污增加20,contamination_resistance_points,20,30000,0,3,2,salted_vial,true,contaminant-v1,矮肩玻璃瓶配宽软木塞；盐壳只结在瓶颈一侧；瓶内沉淀斜面与瓶外竖直边不一致,药柜遗留的封存瓶；主动减缓下一段正向混乱积累而不清旧值
bone_clasp_mask,core,resistance,2,骨扣面罩,30秒内抗污增加30,contamination_resistance_points,30,30000,0,3,2,bone_clasp_mask,true,contaminant-v1,横宽软面罩由左右两枚骨扣撑开；鼻部三道折线向内折合；一边系带收进面罩阴影,换过扣件的防护面罩；在继续深入前开启一段抗污窗口
lead_fastened_breastplate,core,resistance,3,铅扣护胸,30秒内抗污增加40,contamination_resistance_points,40,30000,0,3,2,lead_fastened_breastplate,true,contaminant-v1,上宽下窄的双层护胸配偏心铅扣；衬层沿破口反向卷入；大块金属面与粗布背衬分明,被异源覆盖的旧护具；强化抗污窗口但不减生命伤害且沿总抗性上限
split_heel_boot,core,dash,1,断跟短靴,沿可走地面短冲48像素,dash_distance_px,48,200,48,3,2,split_heel_boot,true,contaminant-v1,侧向短靴有断开的低鞋跟；鞋头宽而鞋筒收窄；断跟两截保留向内对应的磨损面,失去半截后跟的旧鞋；短距离离开贴身威胁而不穿障碍
coiled_tape_measure,core,dash,2,回卷尺,沿可走地面短冲72像素,dash_distance_px,72,200,72,3,2,coiled_tape_measure,true,contaminant-v1,扁圆量尺壳露出一截弯折尺带；尺带从壳口折回自身背面；刻度用少量断续亮点不写小字,工位上自卷的量尺；扩大同一按键的地面短冲距离
hollow_loom_shuttle,core,dash,3,空心梭,沿可走地面短冲96像素,dash_distance_px,96,200,96,3,2,hollow_loom_shuttle,true,contaminant-v1,细长双尖木梭包着纵向空腔；一端铜护角被挤进另一端的轮廓；中孔作为主要负形,脱离织机的空梭；较长短冲仍须连续可见地面且途中危害照常
gray_felt_glove,core,silence,1,灰毡手套,5秒内自身行动消声,silence_duration_ms,5000,5000,0,5,2,gray_felt_glove,true,contaminant-v1,侧折的连指厚手套显出短拇指；毡毛只在袖口成簇；掌心折缝吞没内侧纹理,铺毡作业留下的手套；主动覆盖一次短穿行或翻找的听觉暴露
scorched_scarf,core,silence,2,焦边围巾,8秒内自身行动消声,silence_duration_ms,8000,8000,0,5,2,scorched_scarf,true,contaminant-v1,长围巾折成不对称环并垂下一长一短尾；焦边沿褶皱中断；纤维团沿单一织向而非散点噪声,焦过边却未烧断的围巾；延长一次安静穿行而不掩盖视觉
unlined_coat,core,silence,3,脱衬风衣,11秒内自身行动消声,silence_duration_ms,11000,11000,0,5,2,unlined_coat,true,contaminant-v1,风衣折起后仍保留宽翻领和一截袖管；里衬从下摆翻出形成深浅两层；衣袋口与褶皱相互错位,里衬脱落的旧外衣；覆盖较长搜取窗口但不解除已确认追逐
split_tongue_bell,core,sound_lure,1,裂舌铜铃,抛出声诱饵持续4秒,lure_duration_ms,4000,4000,96,5,2,split_tongue_bell,true,contaminant-v1,小铜铃呈敞口梯形配短柄；断成两截的铃舌互相错开；铜口厚薄不匀而不添声波符号,曾悬在门口的破铃；用短声源引开尚未锁定玩家的听觉目标
crooked_clay_whistle,core,sound_lure,2,弯颈陶哨,抛出声诱饵持续6秒,lure_duration_ms,6000,6000,96,5,2,crooked_clay_whistle,true,contaminant-v1,梨形陶腔接弯折细吹嘴；侧孔斜向下而吹嘴向上；釉面大片缺失露出粗陶底,失去吹奏者的陶制口哨；延长同一落点的调查声源
missing_tooth_music_box,core,sound_lure,3,缺齿八音盒,抛出声诱饵持续8秒,lure_duration_ms,8000,8000,96,5,2,missing_tooth_music_box,true,contaminant-v1,方匣掀开一块窄盖露出横向齿梳；齿梳留有明显缺齿；摇柄偏在一角并与匣体保持完整连接,机芯缺齿的旧音乐匣；保留较久声源但不扩大听域或洗掉追逐
crooked_hook_needle,core,tripwire,1,弯头钩针,铺线绊停跨线敌人1秒,crossing_stop_ms,1000,10000,32,4,2,crooked_hook_needle,true,contaminant-v1,长针在一端弯成开口钩并穿过一圈线结；针身只作两段硬亮面；线尾贴回针旁不散成孤点,被线结缠住的钩针；固定短线为退路提供一次短停步
wooden_thread_spool,core,tripwire,2,木芯线轴,铺线绊停跨线敌人1.5秒,crossing_stop_ms,1500,10000,32,4,2,wooden_thread_spool,true,contaminant-v1,双挡片夹紧粗线团形成横卧短轴；一端挡片破缺；线股从缺口折返穿入线团中央,缝补箱中的木芯线轴；同样长度的绊线争取更长回身时间
double_clasp_strap,core,tripwire,3,双扣束带,铺线绊停跨线敌人2秒,crossing_stop_ms,2000,10000,32,4,2,double_clasp_strap,true,contaminant-v1,扁宽束带折成浅U形且两端各有一枚不同形状的扣件；一侧扣舌反向咬住内层；带面磨损沿受力方向,搬运器具上卸下的束带；强化跨线停步但不禁攻也不延长线宽
lead_type_stamp,core,slow_zone,1,铅字印章,脚下重区使敌移速减30%,enemy_movement_multiplier,0.70,6000,64,4,2,lead_type_stamp,true,contaminant-v1,短方印座承着小拱形柄；底部铅字面厚重并错开一角；只表现大片压痕不描可读文字,排字台遗留的铅印；脚下生成重区帮助临场拉开距离
broken_eye_scale_weight,core,slow_zone,2,断耳秤砣,脚下重区使敌移速减45%,enemy_movement_multiplier,0.55,6000,64,4,2,broken_eye_scale_weight,true,contaminant-v1,梨形铁砣顶部提耳断去一侧；厚重下腹压成斜底；两条磨亮受力面围住粗暗铁皮,断开提耳的称量砣；同一区域提供更显著移动减速
waterlogged_spine,core,slow_zone,3,沉水脊骨,脚下重区使敌移速减60%,enemy_movement_multiplier,0.40,6000,64,4,2,waterlogged_spine,true,contaminant-v1,三节宽脊骨错层连成短弧；骨孔向下塌缩而表面附有细薄沉积；保持骨质实体轮廓不画内脏,从沉积中取出的异界骨节；强化重区脱身能力而不附送禁攻或感知压制
silver_back_hand_mirror,core,image_lure,1,银背袖镜,原地留下假身5秒,lure_duration_ms,5000,5000,0,4,2,silver_back_hand_mirror,true,contaminant-v1,小卵圆镜面接短柄；银背翻起一条窄边；镜面反光只占偏侧一块不绘人脸图案,随身携带的旧小镜；留下短时视觉替身来误导可见目标
empty_photo_frame,core,image_lure,2,空白相框,原地留下假身8秒,lure_duration_ms,8000,8000,0,4,2,empty_photo_frame,true,contaminant-v1,斜置长方相框缺掉一角；框内纸面空白而背撑露出；框内投影与外框倾斜方向不一致,照片褪尽的台式相框；延长视觉假身而不增加声音或伤害
inverted_face_mask,core,image_lure,3,倒脸面具,原地留下假身11秒,lure_duration_ms,11000,11000,0,4,2,inverted_face_mask,true,contaminant-v1,瘦长面具的额部宽而下颌窄；五官压痕上下倒置但不画夸张表情；边缘一截绑带连在破孔上,失去正确朝向的表演面具；保留较久替身但不强行覆盖已确认目标
blind_needle_compass,core,survey,1,盲针罗盘,探查4格内目标位置,snapshot_path_range_px,128,6000,128,3,2,blind_needle_compass,true,contaminant-v1,圆形罗盘藏在半开八角盒中；宽针指向盒盖的内侧；浅刻度与缺一角的金属护边分开,指针失去方位的携行罗盘；沿可通行空间记录一次近处位置快照
creased_negative,core,survey,2,折角底片,探查5格内目标位置,snapshot_path_range_px,160,6000,160,3,2,creased_negative,true,contaminant-v1,宽窄不等的两帧底片相连并折起一角；两侧齿孔形成断续负形；片中只保留模糊地面轮廓,散落在暗袋中的旧底片；增加位置快照范围而不实时追踪
one_eyed_puppet_head,core,survey,3,独目偶首,探查6格内目标位置,snapshot_path_range_px,192,6000,192,3,2,one_eyed_puppet_head,true,contaminant-v1,偏方木偶头下方留有颈部插孔；单只偏大嵌眼不居中；另一侧是平整木面而非伤口,拆离身体的木偶头；扩大有界探查但不揭内容物或照亮空洞
cold_ash_pipe,core,suppress,1,冷灰烟斗,压住一处污染源3秒,suppression_duration_ms,3000,3000,128,3,2,cold_ash_pipe,true,contaminant-v1,细弯斗柄连着厚壁小斗碗；碗内灰面朝外倾斜却不掉落；暗木与冷灰分别成面且没有火点,未倒尽灰的旧烟斗；短时压住眼前污染源来打开穿越窗口
ceramic_charcoal_box,core,suppress,2,陶壁炭盒,压住一处污染源5秒,suppression_duration_ms,5000,5000,128,3,2,ceramic_charcoal_box,true,contaminant-v1,带窄提耳的矮陶盒半开一片厚盖；盒内炭块被陶壁挤成一整面；釉裂只沿一侧接缝生长,包着余炭的厚壁容器；延长污染压制以支持一次搜取
frosted_furnace_core,core,suppress,3,结霜炉芯,压住一处污染源7秒,suppression_duration_ms,7000,7000,128,3,2,frosted_furnace_core,true,contaminant-v1,短粗炉芯保留三道竖直肋和底部安装脚；冷凝白壳只贴在向内的肋面；中心裂隙不画燃烧焰,已经拆出的异温炉内件；较长压制仍不冻结实体攻击且到时恢复
brass_back_buckle,core,capacity,1,黄铜背扣,本趟负重上限增加4,carry_capacity_bonus,4,0,0,2,2,brass_back_buckle,true,contaminant-v1,双孔黄铜扣连接一小截厚背带；扣舌错过原孔咬进孔间空处；轮廓以双内孔辨认,负具上卸下的承重扣；占被动槽换一趟额外携带空间
wrinkled_bottom_satchel,core,capacity,2,皱底挎包,本趟负重上限增加6,carry_capacity_bonus,6,0,0,2,2,wrinkled_bottom_satchel,true,contaminant-v1,横宽软包有短侧带与压扁翻盖；底部连褶明显多于上口；口沿和包底分别形成清楚的体量层,底层反复折皱的旧挎包；同等自身重量下多容纳几件战利品
reverse_woven_basket,core,capacity,3,反编藤篮,本趟负重上限增加8,carry_capacity_bonus,8,0,0,2,2,reverse_woven_basket,true,contaminant-v1,椭圆提篮带一根偏心拱把；篮壁上下编向相反并在中腰交接；深浅藤条成束而不铺单像素棋盘,编织次序异常的携物篮；强化单趟容量而不使薪柴计重或改变常态速度
wax_sealed_button,weak,solidify,0,蜡封纽扣,停住一敌1秒；受伤解除,freeze_duration_ms,1000,1000,128,5,2,wax_sealed_button,true,contaminant-v1,厚蜡偏包一枚四孔纽扣；至少留两个可辨孔位,提案；短窗口可打断准备但难完成搜取
clouded_lens,weak,sight,0,雾斑镜片,本趟视距增加5%,vision_radius_multiplier,1.05,0,0,2,2,clouded_lens,true,contaminant-v1,半月缺口镜片带一片凝斑；边缘窄亮面,提案；微幅视距收益仍占被动槽
ceramic_capsule,weak,resistance,0,陶衣药丸,30秒内抗污增加10,contamination_resistance_points,10,30000,0,3,2,ceramic_capsule,true,contaminant-v1,两瓣陶衣包成横向短胶囊；一侧釉色成整面,提案；基准少增1.5混乱；须在接触污染场景验证最低可感收益
hollow_reed_joint,weak,sound_lure,0,空节苇管,抛出声诱饵持续2秒,lure_duration_ms,2000,2000,96,5,2,hollow_reed_joint,true,contaminant-v1,斜切短苇管保留一处节疤与敞口负形,提案；仅提供很短调查声源
sunken_inkstone,weak,slow_zone,0,凹心砚台,脚下重区使敌移速减10%,enemy_movement_multiplier,0.9,6000,64,4,2,sunken_inkstone,true,contaminant-v1,浅方砚带偏心凹面；残墨只聚一角不铺噪点,提案；低幅移动减速可用但替代性强
hollow_eyelet,weak,survey,0,空眼铜环,探查2格内目标位置,snapshot_path_range_px,64,6000,64,3,2,hollow_eyelet,true,contaminant-v1,开口不相接的短铜环；背侧留连接皮片,提案；近处快照在缩视或拐角仍有窄用途
ash_tooth,weak,suppress,0,灰釉齿,压住一处污染源1秒,suppression_duration_ms,1000,1000,128,3,2,ash_tooth,true,contaminant-v1,短根尖齿包半侧灰釉；根部深孔与尖端区分,提案；极短穿过窗口不能承诺完整搜取
creased_ticket_wallet,weak,capacity,0,折页票夹,本趟负重上限增加2,carry_capacity_bonus,2,0,0,2,1,creased_ticket_wallet,true,contaminant-v1,对折薄票夹撑开两层夹页；一角反卷,提案；揭晓去壳后重量1；净增容量1；未鉴定壳仍2重；轻装不额外触发减速
double_hole_token,inert,,0,双孔票牌,没有可用的裂隙能力,,0,0,0,0,2,double_hole_token,true,contaminant-v1,狭长硬票牌有大小两个孔；两层边缘错开,提案；无Rift作用；保留收藏记录；不承诺未来隐藏用途
sealed_flower_calyx,inert,,0,封口花萼,没有可用的裂隙能力,,0,0,0,0,2,sealed_flower_calyx,true,contaminant-v1,合拢五角花萼包住空腔；一瓣内翻露深色面,提案；无Rift作用；外形仍体现被改写的原生物
split_porcelain_spoon,inert,,0,分叉瓷匙,没有可用的裂隙能力,,0,0,0,0,2,split_porcelain_spoon,true,contaminant-v1,短柄匙头分成不对称两瓣；瓷断面厚而硬,提案；无Rift作用；不因噪声身份降低美术完成度
paper_spiral,inert,,0,折纸螺,没有可用的裂隙能力,,0,0,0,0,2,paper_spiral,true,contaminant-v1,宽纸带沿方折线卷成矮螺形；末端反折入内,提案；无Rift作用；不兑换新资源避免废品必刷
