id,occupancy,sense,coverage_bucket,utterance_id,display_token
observe_jia_look_1,floor,cone,,,慢一点，慢一点，别被他看见。
observe_jia_look_2,floor,cone,,,别动……他就在那儿看着路。
observe_jia_hear_1,floor,hear,,,轻一点，轻一点，别让他听见。
observe_jia_hear_2,floor,hear,,,别出声……他那边醒着。
observe_yi_infiltrate_1,wall,,infiltrate,,那道缝还在张着，贴过去会……
observe_yi_infiltrate_2,wall,,infiltrate,,别靠墙，别靠墙，那道缝还开着。
observe_yi_overwrite_1,wall,,overwrite,,缝里那点亮令人发麻，我走中间。
observe_yi_overwrite_2,wall,,overwrite,,别贴墙，别贴墙，那里已经不是墙了。
observe_bing_infiltrate_1,paint,,infiltrate,,这层膜令人发麻，我还是不要……
observe_bing_infiltrate_2,paint,,infiltrate,,地是潮的，绕着走吧。
observe_bing_overwrite_1,paint,,overwrite,,那滩在涨，我还是不要从那儿过……
observe_bing_overwrite_2,paint,,overwrite,,别过去，别过去，它在呼吸。
observe_ding_infiltrate_1,volume,,infiltrate,,这段路窄得不对，换一条吧。
observe_ding_infiltrate_2,volume,,infiltrate,,别走进去……边上那条还通着。
observe_ding_overwrite_1,volume,,overwrite,,那段雾令人发麻，我还是绕开……
observe_ding_overwrite_2,volume,,overwrite,,别穿过去，别穿过去，那已经不是路了。
observe_utt_door,,,,door_still_closing,门还在自己关，别站在当中。
observe_utt_eye,,,,eye_in_the_seam,别贴边，别贴边，缝里有东西在看。
observe_utt_lung,,,,cluster_lung,这滩令人发麻，等一等，等一等。
observe_utt_corridor,,,,corridor_watching,别往里走，别往里走，走廊看着我。
