fragment_type_id,substrate,weight,wall_host_weight,volume_host_weight
frag-outdoor,fungal_mat,3,0,1
frag-outdoor,ash_veil,3,0,1
frag-outdoor,oil_film,3,0,1
frag-outdoor,organic_remnant,2,0,1
frag-outdoor,stalk_clump,2,0,1
frag-outdoor,sound_echo,2,0,1
frag-outdoor,insect_remnant,1,0,1
frag-outdoor,human_remnant,1,0,1
frag-outdoor,mammal_remnant,1,0,1
frag-outdoor,worm_remnant,1,0,1
frag-clinic,organic_remnant,1,0,1
frag-clinic,stalk_clump,1,0,1
frag-clinic,ash_veil,1,0,1
frag-clinic,sound_echo,1,0,1
frag-clinic,insect_remnant,1,0,1
frag-clinic,human_remnant,1,0,1
frag-clinic,mammal_remnant,1,0,1
frag-clinic,worm_remnant,1,0,1
frag-clinic,fungal_mat,0,0,1
frag-clinic,oil_film,0,0,1
frag-metro,oil_film,2,0,1
frag-metro,ash_veil,2,0,1
frag-metro,sound_echo,2,0,1
frag-metro,insect_remnant,1,0,1
frag-metro,human_remnant,1,0,1
frag-metro,mammal_remnant,1,0,1
frag-metro,worm_remnant,1,0,1
frag-metro,organic_remnant,0,0,1
frag-metro,fungal_mat,0,0,1
frag-metro,stalk_clump,0,0,1
frag-library,organic_remnant,2,0,1
frag-library,sound_echo,2,0,1
frag-library,stalk_clump,1,0,1
frag-library,insect_remnant,1,0,1
frag-library,human_remnant,1,0,1
frag-library,mammal_remnant,1,0,1
frag-library,worm_remnant,1,0,1
frag-library,fungal_mat,1,0,1
frag-library,oil_film,1,0,1
frag-library,ash_veil,1,0,1
frag-residential,organic_remnant,3,0,1
frag-residential,stalk_clump,3,0,1
frag-residential,oil_film,2,0,1
frag-residential,ash_veil,1,0,1
frag-residential,sound_echo,1,0,1
frag-residential,insect_remnant,1,0,1
frag-residential,human_remnant,1,0,1
frag-residential,mammal_remnant,1,0,1
frag-residential,worm_remnant,1,0,1
frag-residential,fungal_mat,0,0,1
frag-outdoor,gas_mass,2,0,1
frag-outdoor,mist_bank,3,0,1
frag-outdoor,dust_swarm,3,0,1
frag-clinic,gas_mass,3,0,1
frag-clinic,mist_bank,2,0,1
frag-clinic,dust_swarm,1,0,1
frag-metro,gas_mass,3,0,1
frag-metro,mist_bank,2,0,1
frag-metro,dust_swarm,3,0,1
frag-library,gas_mass,1,0,1
frag-library,mist_bank,2,0,1
frag-library,dust_swarm,4,0,1
frag-residential,gas_mass,2,0,1
frag-residential,mist_bank,2,0,1
frag-residential,dust_swarm,2,0,1
