id,display_token,residual_verb,legal_occupancies,legal_continuities,enabled_scope
organic_remnant,有机残影,走,floor,monolith|shards,sortie
lamp_pillar,灯柱,亮,floor,monolith,sortie
doorframe,门框,开合,wall|floor,monolith,sortie
wall_rust,墙锈,渗,wall,monolith|colony,sortie
fungal_mat,菌毯,铺,paint,colony|field,sortie
oil_film,油膜,沾,paint,monolith|colony|field,sortie
stalk_clump,残茎,摇,floor,monolith|shards,sortie
railing_post,栏柱,拦,floor,monolith,sortie
ash_veil,灰幕,覆,paint,monolith|colony|field,sortie
sound_echo,余响,响,volume,monolith|field,sortie
light_scatter,散光,折,volume,monolith|field,sortie
space_interval,间距,挤,volume,monolith|field,sortie
street_wreckage,街具残骸,立,floor,monolith,gym
insect_remnant,虫,爬,floor,monolith,gym
mammal_remnant,哺乳动物,走,floor,monolith,gym
worm_remnant,大号蠕虫,拱,floor,monolith,gym
