id,slot,display_token,legal_portfolios,rewrite_to
motion_patrol,motion,巡路,jia,
motion_turn,motion,转面,jia|yi,
motion_coalesce,motion,凝聚,jia,
motion_wall,motion,沿壁,yi,
motion_anchor,motion,固着,jia|yi|bing|ding,
motion_cluster,motion,簇栖,bing,
motion_wind,motion,随风,bing|ding,
motion_trail,motion,拖尾,ding,
sense_cone,sense,视锥,jia,
sense_hear,sense,听噪,jia|yi,
sense_narrow,sense,窄视,jia|yi,
sense_touch,sense,触地,yi|bing,
sense_scent,sense,嗅混乱,bing|ding,
sense_domain,sense,领域,bing|ding,
sense_reverse,sense,反视,ding,
rhythm_open,rhythm,常开,jia|yi|bing|ding,
rhythm_sleep,rhythm,睡眠,jia|yi,
rhythm_pulse,rhythm,脉冲,jia|yi|bing|ding,
rhythm_cluster,rhythm,随簇呼吸,bing,
rhythm_sky,rhythm,随天空相,ding,
contact_melee_three,contact,三刀近战,jia,yi:contact_adjacent_strike;bing:contact_step_chaos;ding:contact_volume_chaos
contact_adjacent_strike,contact,邻格抽打,yi,
contact_step_chaos,contact,踩踏混乱,bing,
contact_volume_chaos,contact,场内加速混乱,ding,
