id,substrate,portfolio,motion_ids,sense_ids,rhythm_ids,contact_ids,infiltrate_motion
organic_remnant_jia,organic_remnant,jia,motion_patrol|motion_turn|motion_anchor,sense_cone|sense_hear|sense_narrow,rhythm_open|rhythm_sleep|rhythm_pulse,contact_melee_three,motion_patrol
lamp_pillar_jia,lamp_pillar,jia,motion_anchor,sense_cone|sense_hear|sense_narrow,rhythm_open|rhythm_sleep|rhythm_pulse,contact_melee_three,motion_anchor
doorframe_yi,doorframe,yi,motion_anchor,sense_touch|sense_narrow|sense_hear,rhythm_open|rhythm_sleep|rhythm_pulse,contact_adjacent_strike,motion_anchor
wall_rust_yi,wall_rust,yi,motion_wall|motion_turn|motion_anchor,sense_touch|sense_narrow|sense_hear,rhythm_open|rhythm_sleep|rhythm_pulse,contact_adjacent_strike,motion_wall
fungal_mat_bing,fungal_mat,bing,motion_cluster,sense_touch,rhythm_cluster,contact_step_chaos,motion_cluster
oil_film_bing,oil_film,bing,motion_cluster,sense_touch,rhythm_cluster,contact_step_chaos,motion_cluster
stalk_clump_jia,stalk_clump,jia,motion_patrol|motion_turn|motion_anchor,sense_cone|sense_hear|sense_narrow,rhythm_open|rhythm_sleep|rhythm_pulse,contact_melee_three,motion_turn
railing_post_jia,railing_post,jia,motion_anchor,sense_cone|sense_hear|sense_narrow,rhythm_open|rhythm_sleep|rhythm_pulse,contact_melee_three,motion_anchor
ash_veil_bing,ash_veil,bing,motion_cluster,sense_touch,rhythm_cluster,contact_step_chaos,motion_cluster
sound_echo_ding,sound_echo,ding,motion_anchor|motion_wind|motion_trail,sense_domain|sense_reverse,rhythm_open,contact_volume_chaos,motion_anchor
light_scatter_ding,light_scatter,ding,motion_anchor|motion_wind|motion_trail,sense_domain|sense_reverse,rhythm_open,contact_volume_chaos,motion_trail
space_interval_ding,space_interval,ding,motion_anchor|motion_wind|motion_trail,sense_domain|sense_reverse,rhythm_open,contact_volume_chaos,motion_anchor
street_wreckage_jia,street_wreckage,jia,motion_anchor,sense_cone|sense_hear|sense_narrow,rhythm_open|rhythm_sleep|rhythm_pulse,contact_melee_three,motion_anchor
insect_remnant_jia,insect_remnant,jia,motion_patrol|motion_turn|motion_anchor,sense_cone|sense_hear|sense_narrow,rhythm_open|rhythm_sleep|rhythm_pulse,contact_melee_three,motion_patrol
mammal_remnant_jia,mammal_remnant,jia,motion_patrol|motion_turn|motion_anchor,sense_cone|sense_hear|sense_narrow,rhythm_open|rhythm_sleep|rhythm_pulse,contact_melee_three,motion_patrol
worm_remnant_jia,worm_remnant,jia,motion_patrol|motion_turn|motion_anchor,sense_cone|sense_hear|sense_narrow,rhythm_open|rhythm_sleep|rhythm_pulse,contact_melee_three,motion_turn
human_remnant_jia,human_remnant,jia,motion_patrol|motion_turn|motion_anchor,sense_cone|sense_hear|sense_narrow,rhythm_open|rhythm_sleep|rhythm_pulse,contact_melee_three,motion_patrol
gas_mass_ding,gas_mass,ding,motion_anchor,sense_domain|sense_reverse,rhythm_open,contact_volume_chaos,motion_anchor
mist_bank_ding,mist_bank,ding,motion_anchor,sense_domain|sense_reverse,rhythm_open,contact_volume_chaos,motion_anchor
dust_swarm_ding,dust_swarm,ding,motion_anchor,sense_domain|sense_reverse,rhythm_open,contact_volume_chaos,motion_anchor
