id,continuity,coverage,family,core_policy,legal_occupancies
monolith_infiltrate,monolith,infiltrate,core_strike,exposed,floor|wall|paint|volume
monolith_rewrite,monolith,rewrite,core_strike,standard,floor|wall|paint|volume
monolith_overwrite,monolith,overwrite,core_strike,obscured,floor|wall|paint|volume
colony_infiltrate,colony,infiltrate,scatter_rejoin,exposed,paint|wall
colony_rewrite,colony,rewrite,scatter_rejoin,standard,paint|wall
colony_overwrite,colony,overwrite,scatter_rejoin,obscured,paint|wall
field_infiltrate,field,infiltrate,unkillable,none,paint|volume
field_rewrite,field,rewrite,unkillable,none,paint|volume
field_overwrite,field,overwrite,unkillable,none,paint|volume
