order,unit,level,requirement,requirement_text,phase
1,growth_vitality,1,none,,立足
2,growth_kindling_affinity,1,none,,立足
3,growth_defense_slot,1,none,,立足
4,growth_chaos_resist,1,none,,立足
5,growth_forecast_clarity,1,impactExperienced,承受冲击,立足
6,growth_vitality,2,none,,立足
7,thicken,1,none,,立足
8,growth_kindling_affinity,2,none,,整备
9,growth_forecast_clarity,2,none,,整备
10,growth_defense_slot,2,none,,整备
11,growth_chaos_resist,2,none,,整备
12,growth_sortie_slot,1,none,,整备
13,growth_vitality,3,none,,整备
14,thicken,2,none,,整备
15,growth_chaos_resist,3,none,,承压
16,growth_kindling_affinity,3,none,,承压
17,growth_forecast_clarity,3,crestExperienced,抵达退潮,承压
18,growth_defense_slot,3,none,,承压
19,growth_vitality,4,none,,承压
20,growth_chaos_resist,4,none,,承压
21,thicken,3,none,,承压
22,growth_chaos_resist,5,none,,承压
