id,order,x,y
fallen-shell-rib,0,1177.000,1362.642
fallen-shell-rib,1,1186.800,1359.191
fallen-shell-rib,2,1203.600,1358.956
fallen-shell-rib,3,1226.000,1364.989
fallen-shell-rib,4,1254.000,1369.865
fallen-shell-rib,5,1282.000,1368.770
fallen-shell-rib,6,1310.000,1377.543
fallen-shell-rib,7,1338.000,1381.228
fallen-shell-rib,8,1366.000,1383.742
fallen-shell-rib,9,1394.000,1383.888
fallen-shell-rib,10,1416.400,1375.903
fallen-shell-rib,11,1433.200,1373.459
fallen-shell-rib,12,1443.000,1373.273
fallen-shell-rib,13,1433.200,1353.459
fallen-shell-rib,14,1416.400,1341.903
fallen-shell-rib,15,1394.000,1335.888
fallen-shell-rib,16,1366.000,1328.742
fallen-shell-rib,17,1338.000,1321.228
fallen-shell-rib,18,1310.000,1317.543
fallen-shell-rib,19,1282.000,1313.770
fallen-shell-rib,20,1254.000,1319.865
fallen-shell-rib,21,1226.000,1324.989
fallen-shell-rib,22,1203.600,1334.956
fallen-shell-rib,23,1186.800,1349.191
