id,region,kind,x,y,length,width,yaw,rise,exposure,sediment
arrival-shoulder,arrival,shoulder,220,1480,350,175,-63,62,0.78,0.12
arrival-drift,arrival,basin,526,1580,320,210,-20,-9,0.05,0.88
west-emergence,west,ridge,190,850,430,150,-68,60,0.95,0.06
west-saddle,west,basin,428,920,370,160,-60,-8,0.1,0.64
crown-broad-shell,crown,shoulder,1030,268,480,340,12,45,0.9,0.02
crown-ascent-fold,crown,fold,667,454,260,135,-25,15,0.72,0.1
east-long-fold,east,fold-plane,1830,800,450,240,-78,45,1,0.03
east-root-drift,east,channel,1650,850,390,90,-78,-8,0.05,0.92
lower-inner-bay,lower,channel,1650,1450,225,130,18,-9,0.05,0.94
lower-overlap,lower,fold-plane,1800,1450,250,150,25,28,0.98,0.04
lower-return-lamina,lower,fold-plane,1840,1540,180,125,18,10,0.86,0.05
middle-bedding,west,fold,1050,845,550,120,0,12,0.8,0.08
