order,x,y
0,120,720
1,180,580
2,290,530
3,440,550
4,560,450
5,660,445
6,710,270
7,880,180
8,1110,195
9,1240,300
10,1280,448
11,1430,505
12,1540,470
13,1690,480
14,1830,540
15,1950,670
16,2070,760
17,2040,940
18,1940,1010
19,1830,1100
20,1840,1220
21,2010,1330
22,2070,1470
23,1970,1630
24,1770,1740
25,1630,1710
26,1520,1600
27,1420,1548
28,1290,1572
29,1110,1568
30,950,1575
31,820,1558
32,760,1660
33,660,1770
34,450,1810
35,270,1740
36,180,1600
37,210,1430
38,290,1340
39,355,1210
40,260,1090
41,160,980
42,120,830
