scene_id,id,kind,x,y,radius_x,radius_y,angle,height
sea-open-channel,near-sediment,shelf,340,936,290,160,-12,12
sea-open-channel,western-pressure-bed,ridge,404,529,305,134,78,22
sea-open-channel,north-high-bank,shelf,846,259,322,128,1,22
sea-open-channel,low-water-channel,scour,887,479,365,108,-3,-11
sea-open-channel,far-deposition,ridge,1476,360,291,170,-65,19
sea-open-channel,return-wash,scour,1368,892,357,129,10,-8
sea-folded-ridge,entrance-sediment,shelf,338,943,285,167,5,12
sea-folded-ridge,west-ridge,ridge,293,526,327,142,89,23
sea-folded-ridge,upper-fold,shelf,891,192,345,112,-3,20
sea-folded-ridge,long-shore,ridge,1243,425,329,137,49,24
sea-folded-ridge,low-saddle,scour,977,770,214,128,86,-12
sea-folded-ridge,return-sediment,shelf,1269,909,324,140,-12,11
