scene_id,id,x,y,radius_x,radius_y,drift_x,drift_y,phase,angle
sea-open-channel,near-air,325,932,158,61,17,13,0.2,-18
sea-open-channel,west-long-opening,383,610,74,157,21,18,1.1,13
sea-open-channel,high-bank-cut,852,269,156,65,27,17,2.4,-10
sea-open-channel,channel-breath,874,452,91,57,16,12,3.2,15
sea-open-channel,far-window,1481,262,147,74,21,12,4.1,-16
sea-open-channel,lower-chasm-air,970,782,170,84,25,16,4.8,8
sea-open-channel,east-breath,1588,795,69,121,16,17,5.4,12
sea-folded-ridge,near-air,445,960,144,57,13,11,0.4,17
sea-folded-ridge,western-crack,292,565,74,173,19,20,1.4,7
sea-folded-ridge,ridge-turn,959,250,146,72,27,13,2.6,-17
sea-folded-ridge,distant-opening,1538,446,72,151,16,23,3.3,-11
sea-folded-ridge,saddle-cut,967,727,84,89,14,15,4.2,19
sea-folded-ridge,wide-chasm-air,663,542,109,128,23,14,5.1,-11
sea-folded-ridge,return-breath,1315,938,153,54,19,12,5.8,-13
