scene_id,id,kind,col,row,tier,loot_pool_id,allow_weapon,substrate,coverage,motion,sense,rhythm,contact,facing,patrol,variant_group,variant
sea-open-channel,listener,enemy,35,14,,,,insect_remnant,infiltrate,motion_patrol,sense_hear,rhythm_open,contact_melee_three,180,30:14|38:14,listener-deposit,0
sea-open-channel,listener,enemy,35,8,,,,insect_remnant,infiltrate,motion_patrol,sense_hear,rhythm_open,contact_melee_three,0,30:8|40:8,listener-deposit,1
sea-open-channel,watcher,enemy,49,25,,,,insect_remnant,infiltrate,motion_patrol,sense_cone,rhythm_open,contact_melee_three,270,49:21|49:28,,
sea-open-channel,near-kindling,kindling,8,27,safe,,false,,,,,,,0,,,
sea-open-channel,foreign-kindling,kindling,39,19,contested,,true,,,,,,,0,,,
sea-open-channel,far-kindling,kindling,50,28,deep,,true,,,,,,,0,,,
sea-open-channel,retreat-deposit,contaminant,30,15,contested,sea-deposit,,,,,,,,0,,,
sea-open-channel,far-deposit,contaminant,48,6,deep,sea-deposit,,,,,,,,0,,,
sea-open-channel,foreign-remnant,contaminant,38,15,contested,rift-debris,,,,,,,,0,,listener-deposit,0
sea-open-channel,foreign-remnant,contaminant,40,9,contested,rift-debris,,,,,,,,0,,listener-deposit,1
sea-open-channel,return-remnant,contaminant,48,25,deep,rift-debris,,,,,,,,0,,,
sea-folded-ridge,listener,enemy,30,18,,,,insect_remnant,infiltrate,motion_patrol,sense_hear,rhythm_open,contact_melee_three,270,30:16|30:22,listener-deposit,0
sea-folded-ridge,listener,enemy,30,27,,,,insect_remnant,infiltrate,motion_patrol,sense_hear,rhythm_open,contact_melee_three,180,27:27|34:27,listener-deposit,1
sea-folded-ridge,watcher,enemy,48,12,,,,insect_remnant,infiltrate,motion_patrol,sense_cone,rhythm_open,contact_melee_three,270,48:7|48:17,,
sea-folded-ridge,near-kindling,kindling,8,27,safe,,false,,,,,,,0,,,
sea-folded-ridge,foreign-kindling,kindling,31,9,contested,,true,,,,,,,0,,,
sea-folded-ridge,far-kindling,kindling,49,7,deep,,true,,,,,,,0,,,
sea-folded-ridge,retreat-deposit,contaminant,30,27,contested,sea-deposit,,,,,,,,0,,,
sea-folded-ridge,far-deposit,contaminant,47,23,deep,sea-deposit,,,,,,,,0,,,
sea-folded-ridge,foreign-remnant,contaminant,30,19,contested,rift-debris,,,,,,,,0,,listener-deposit,0
sea-folded-ridge,foreign-remnant,contaminant,31,28,contested,rift-debris,,,,,,,,0,,listener-deposit,1
sea-folded-ridge,return-remnant,contaminant,43,28,deep,rift-debris,,,,,,,,0,,,
