id,name,weapon_type,quality_id,variant_id,weight_tenths,pollution_resistance,visual_key
crowbar_plain,普通撬棍,crowbar,ordinary,standard,30,0,plain_iron
crowbar_good_standard,优良撬棍,crowbar,good,standard,30,2,good_standard
crowbar_good_light,优良轻型撬棍,crowbar,good,light,27,0,good_light
crowbar_good_resistant,优良抗污撬棍,crowbar,good,resistant,33,4,good_resistant
crowbar_fine_standard,精良撬棍,crowbar,fine,standard,30,2,fine_standard
crowbar_fine_light,精良轻型撬棍,crowbar,fine,light,27,0,fine_light
crowbar_fine_resistant,精良抗污撬棍,crowbar,fine,resistant,33,4,fine_resistant
crowbar_excellent_standard,卓越撬棍,crowbar,excellent,standard,30,2,excellent_standard
crowbar_excellent_light,卓越轻型撬棍,crowbar,excellent,light,27,0,excellent_light
crowbar_excellent_resistant,卓越抗污撬棍,crowbar,excellent,resistant,33,4,excellent_resistant
